{
  "IPWARE_HTTP_HEADER_PRECEDENCE_ORDER": [
    "HTTP_X_FORWARDED_FOR",
    "HTTP_CLIENT_IP",
    "HTTP_X_REAL_IP",
    "HTTP_X_FORWARDED",
    "HTTP_X_CLUSTER_CLIENT_IP",
    "HTTP_FORWARDED_FOR",
    "HTTP_FORWARDED",
    "HTTP_VIA",
    "X_FORWARDED_FOR",
    "REMOTE_ADDR"
  ],

  "IPWARE_HTTP_HEADER_PROXY_PRECEDENCE_ORDER": [
    "HTTP_X_FORWARDED_FOR",
    "X_FORWARDED_FOR"
  ],

  "IPWARE_TRUSTED_PROXY_LIST": [
  ],

  "IPV4_EXTERNALLY_NON_ROUTABLE_IP_PREFIX": [
    "0."
  ],

  "IPV4_CLASS_A_PRIVATE_BLOCK_IP_PREFIX": [
    "10."
  ],

  "IPV4_LOCAL_LINK_BLOCK_IP_PREFIX": [
    "169.254."
  ],

  "IPV4_CLASS_B_PRIVATE_BLOCK_IP_PREFIX": [
    "172.16.",
    "172.17.",
    "172.18.",
    "172.19.",
    "172.20.",
    "172.21.",
    "172.22.",
    "172.23.",
    "172.24.",
    "172.25.",
    "172.26.",
    "172.27.",
    "172.28.",
    "172.29.",
    "172.30.",
    "172.31."
  ],

  "IPV4_EXAMPLE_CODE_DOCUMENTATION_IP_PREFIX": [
    "192.0.2."
  ],

  "IPV4_CLASS_C_PRIVATE_BLOCK_IP_PREFIX": [
    "192.168."
  ],

  "IPV4_BRODCAST_IP_PREFIX": [
    "255.255.255."
  ],

  "IPV4_LOOPBACK_IP_PREFIX": [
    "127."
  ],

  "IPV6_EXAMPLE_CODE_DOCUMENTATION_IP_PREFIX": [
    "2001:db8:"
  ],

  "IPV6_PRIVATE_BLOCK_IP_PREFIX": [
    "fc00:"
  ],

  "IPV6_LINK_LOCAL_UNICAST_IP_PREFIX": [
    "fe80:"
  ],

  "IPV6_MULTICAST_IP_PREFIX": [
    "ff00:"
  ],

  "IPV6_LOOPBACK_IP_PREFIX": [
    "::1"
  ]

}
